,Classifier,Time,TimePipe,f1Score,f1ScorePipe
0,LogReg,1.6399307250976562,8.124,0.8843286265442878,0.893
1,KNeig,1.6399307250976562,0.38,0.8843286265442878,0.367
2,DTree,1.6399307250976562,3.864,0.8843286265442878,0.847
3,svml,1.6399307250976562,4.362,0.8843286265442878,0.892
4,SGD,1.6399307250976562,0.836,0.8843286265442878,0.89
